zip_code,efficiency,one-bedroom,two-bedroom,three-bedroom,four-bedroom
20001,"$2,300","$2,340","$2,660","$3,330","$3,970"
20002,"$1,530","$1,560","$1,770","$2,210","$2,640"
20003,"$2,390","$2,430","$2,760","$3,450","$4,120"
20004,"$2,390","$2,430","$2,760","$3,450","$4,120"
20005,"$2,200","$2,240","$2,550","$3,190","$3,800"
20006,"$1,620","$1,650","$1,880","$2,350","$2,800"
20007,"$1,940","$1,980","$2,250","$2,810","$3,360"
20008,"$2,320","$2,360","$2,680","$3,350","$4,000"
20009,"$2,390","$2,430","$2,760","$3,450","$4,120"
20010,"$1,820","$1,850","$2,110","$2,640","$3,150"
20011,"$1,310","$1,330","$1,510","$1,890","$2,250"
20012,"$1,250","$1,270","$1,450","$1,810","$2,160"
20013,"$1,510","$1,540","$1,750","$2,190","$2,610"
20015,"$1,580","$1,610","$1,830","$2,290","$2,730"
20016,"$1,810","$1,840","$2,090","$2,610","$3,120"
20017,"$1,440","$1,470","$1,670","$2,090","$2,490"
20018,"$1,030","$1,050","$1,190","$1,490","$1,780"
20019,"$1,070","$1,090","$1,240","$1,550","$1,850"
20020,"$1,170","$1,190","$1,350","$1,690","$2,010"
20024,"$1,770","$1,800","$2,050","$2,560","$3,060"
20026,"$1,510","$1,540","$1,750","$2,190","$2,610"
20027,"$1,510","$1,540","$1,750","$2,190","$2,610"
20029,"$1,510","$1,540","$1,750","$2,190","$2,610"
20030,"$1,510","$1,540","$1,750","$2,190","$2,610"
20032,"$1,140","$1,160","$1,320","$1,650","$1,970"
20033,"$1,510","$1,540","$1,750","$2,190","$2,610"
20035,"$1,510","$1,540","$1,750","$2,190","$2,610"
20036,"$1,810","$1,840","$2,090","$2,610","$3,120"
20037,"$2,010","$2,050","$2,330","$2,910","$3,480"
20038,"$1,510","$1,540","$1,750","$2,190","$2,610"
20039,"$1,510","$1,540","$1,750","$2,190","$2,610"
20040,"$1,510","$1,540","$1,750","$2,190","$2,610"
20041,"$1,750","$1,780","$2,020","$2,530","$3,010"
20043,"$1,510","$1,540","$1,750","$2,190","$2,610"
20044,"$1,510","$1,540","$1,750","$2,190","$2,610"
20045,"$1,510","$1,540","$1,750","$2,190","$2,610"
20052,"$1,690","$1,720","$1,960","$2,520","$3,050"
20053,"$1,510","$1,540","$1,750","$2,190","$2,610"
20056,"$1,510","$1,540","$1,750","$2,190","$2,610"
20057,"$1,720","$1,750","$1,990","$2,520","$3,030"
20064,"$1,510","$1,540","$1,750","$2,190","$2,610"
20066,"$1,510","$1,540","$1,750","$2,190","$2,610"
20071,"$1,510","$1,540","$1,750","$2,190","$2,610"
20076,"$1,510","$1,540","$1,750","$2,190","$2,610"
20090,"$1,510","$1,540","$1,750","$2,190","$2,610"
20091,"$1,510","$1,540","$1,750","$2,190","$2,610"
20101,"$1,720","$1,750","$1,990","$2,490","$2,970"
20103,"$1,720","$1,750","$1,990","$2,490","$2,970"
20105,"$2,130","$2,170","$2,470","$3,090","$3,690"
20106,$910,$920,"$1,150","$1,470","$1,800"
20108,"$1,390","$1,410","$1,610","$2,010","$2,400"
20109,"$1,600","$1,630","$1,850","$2,310","$2,760"
20110,"$1,400","$1,420","$1,620","$2,030","$2,420"
20111,"$1,500","$1,530","$1,740","$2,180","$2,600"
20112,"$2,100","$2,140","$2,430","$3,040","$3,630"
20113,"$1,570","$1,600","$1,820","$2,280","$2,720"
20115,"$1,320","$1,340","$1,530","$1,910","$2,280"
20117,$920,$940,"$1,070","$1,340","$1,600"
20118,"$1,030","$1,060","$1,210","$1,580","$1,940"
20119,"$1,430","$1,460","$1,660","$2,080","$2,480"
20120,"$1,730","$1,760","$2,000","$2,500","$2,980"
20121,"$1,690","$1,720","$1,960","$2,450","$2,920"
20122,"$1,750","$1,780","$2,020","$2,530","$3,010"
20124,"$2,020","$2,060","$2,340","$2,970","$3,560"
20129,"$1,570","$1,600","$1,820","$2,270","$2,710"
20130,"$1,690","$1,710","$1,950","$2,440","$2,910"
20132,"$1,360","$1,380","$1,570","$1,960","$2,340"
20135,"$1,090","$1,110","$1,270","$1,600","$1,910"
20136,"$2,070","$2,100","$2,390","$2,990","$3,570"
20137,"$1,640","$1,670","$1,900","$2,380","$2,840"
20138,"$1,210","$1,230","$1,400","$1,750","$2,090"
20139,"$1,540","$1,570","$1,790","$2,230","$2,670"
20141,"$1,480","$1,510","$1,710","$2,170","$2,610"
20143,"$2,030","$2,070","$2,350","$2,940","$3,510"
20144,"$1,310","$1,330","$1,570","$1,990","$2,420"
20146,"$1,720","$1,750","$1,990","$2,490","$2,970"
20147,"$1,750","$1,780","$2,020","$2,530","$3,010"
20148,"$1,940","$1,970","$2,240","$2,800","$3,340"
20151,"$1,700","$1,730","$1,970","$2,460","$2,940"
20152,"$2,110","$2,140","$2,440","$3,050","$3,640"
20153,"$1,750","$1,780","$2,020","$2,530","$3,010"
20155,"$2,060","$2,090","$2,380","$2,980","$3,550"
20156,"$1,580","$1,610","$1,830","$2,290","$2,730"
20158,"$1,540","$1,560","$1,780","$2,230","$2,660"
20159,"$1,720","$1,750","$1,990","$2,490","$2,970"
20160,"$1,720","$1,750","$1,990","$2,490","$2,970"
20164,"$1,750","$1,780","$2,020","$2,530","$3,010"
20165,"$1,720","$1,750","$1,990","$2,490","$2,970"
20166,"$1,730","$1,760","$2,000","$2,500","$2,980"
20167,"$1,720","$1,750","$1,990","$2,490","$2,970"
20168,"$1,580","$1,610","$1,830","$2,290","$2,730"
20169,"$2,370","$2,410","$2,740","$3,430","$4,090"
20170,"$1,750","$1,780","$2,020","$2,530","$3,010"
20171,"$1,790","$1,820","$2,070","$2,590","$3,090"
20172,"$1,750","$1,780","$2,020","$2,530","$3,010"
20175,"$1,530","$1,560","$1,770","$2,210","$2,640"
20176,"$1,600","$1,630","$1,850","$2,310","$2,760"
20177,"$1,720","$1,750","$1,990","$2,490","$2,970"
20178,"$1,720","$1,750","$1,990","$2,490","$2,970"
20180,"$1,660","$1,690","$1,920","$2,400","$2,860"
20181,"$1,260","$1,300","$1,490","$1,950","$2,400"
20182,"$1,580","$1,610","$1,830","$2,290","$2,730"
20184,"$1,320","$1,340","$1,530","$1,910","$2,280"
20186,"$1,230","$1,250","$1,420","$1,780","$2,120"
20187,"$1,910","$1,940","$2,210","$2,760","$3,300"
20188,"$1,210","$1,230","$1,400","$1,750","$2,090"
20189,"$1,720","$1,750","$1,990","$2,490","$2,970"
20190,"$1,830","$1,860","$2,120","$2,650","$3,160"
20191,"$1,660","$1,690","$1,920","$2,400","$2,860"
20194,"$1,810","$1,840","$2,090","$2,610","$3,120"
20195,"$1,750","$1,780","$2,020","$2,530","$3,010"
20197,"$1,550","$1,570","$1,790","$2,230","$2,670"
20198,"$1,070","$1,080","$1,240","$1,590","$1,920"
20202,"$1,510","$1,540","$1,750","$2,190","$2,610"
20204,"$1,510","$1,540","$1,750","$2,190","$2,610"
20219,"$1,510","$1,540","$1,750","$2,190","$2,610"
20220,"$1,510","$1,540","$1,750","$2,190","$2,610"
20228,"$1,510","$1,540","$1,750","$2,190","$2,610"
20229,"$1,510","$1,540","$1,750","$2,190","$2,610"
20230,"$1,510","$1,540","$1,750","$2,190","$2,610"
20233,"$1,370","$1,390","$1,580","$1,980","$2,360"
20239,"$1,510","$1,540","$1,750","$2,190","$2,610"
20240,"$1,510","$1,540","$1,750","$2,190","$2,610"
20245,"$1,510","$1,540","$1,750","$2,190","$2,610"
20250,"$1,510","$1,540","$1,750","$2,190","$2,610"
20260,"$1,510","$1,540","$1,750","$2,190","$2,610"
20268,"$1,510","$1,540","$1,750","$2,190","$2,610"
20301,"$1,830","$1,860","$2,120","$2,650","$3,160"
20307,"$1,510","$1,540","$1,750","$2,190","$2,610"
20317,"$1,550","$1,580","$1,800","$2,250","$2,680"
20318,"$1,510","$1,540","$1,750","$2,190","$2,610"
20319,"$1,540","$1,570","$1,790","$2,260","$2,710"
20330,"$1,830","$1,860","$2,120","$2,650","$3,160"
20372,"$1,510","$1,540","$1,750","$2,190","$2,610"
20373,"$1,510","$1,540","$1,750","$2,190","$2,610"
20374,"$1,510","$1,540","$1,750","$2,190","$2,610"
20376,"$1,510","$1,540","$1,750","$2,190","$2,610"
20380,"$1,510","$1,540","$1,750","$2,190","$2,610"
20388,"$1,510","$1,540","$1,750","$2,190","$2,610"
20390,"$2,080","$2,120","$2,420","$3,060","$3,670"
20391,"$1,510","$1,540","$1,750","$2,190","$2,610"
20398,"$1,510","$1,540","$1,750","$2,190","$2,610"
20405,"$1,510","$1,540","$1,750","$2,190","$2,610"
20418,"$1,510","$1,540","$1,750","$2,190","$2,610"
20424,"$1,510","$1,540","$1,750","$2,190","$2,610"
20427,"$1,510","$1,540","$1,750","$2,190","$2,610"
20460,"$1,510","$1,540","$1,750","$2,190","$2,610"
20472,"$1,510","$1,540","$1,750","$2,190","$2,610"
20500,"$1,510","$1,540","$1,750","$2,190","$2,610"
20503,"$1,510","$1,540","$1,750","$2,190","$2,610"
20506,"$1,510","$1,540","$1,750","$2,190","$2,610"
20510,"$1,510","$1,540","$1,750","$2,190","$2,610"
20515,"$1,510","$1,540","$1,750","$2,190","$2,610"
20520,"$1,510","$1,540","$1,750","$2,190","$2,610"
20522,"$1,510","$1,540","$1,750","$2,190","$2,610"
20528,"$1,510","$1,540","$1,750","$2,190","$2,610"
20529,"$1,510","$1,540","$1,750","$2,190","$2,610"
20530,"$1,510","$1,540","$1,750","$2,190","$2,610"
20535,"$1,510","$1,540","$1,750","$2,190","$2,610"
20536,"$1,510","$1,540","$1,750","$2,190","$2,610"
20540,"$1,510","$1,540","$1,750","$2,190","$2,610"
20541,"$1,510","$1,540","$1,750","$2,190","$2,610"
20542,"$1,510","$1,540","$1,750","$2,190","$2,610"
20544,"$1,510","$1,540","$1,750","$2,190","$2,610"
20549,"$1,510","$1,540","$1,750","$2,190","$2,610"
20551,"$1,510","$1,540","$1,750","$2,190","$2,610"
20553,"$1,510","$1,540","$1,750","$2,190","$2,610"
20557,"$1,510","$1,540","$1,750","$2,190","$2,610"
20559,"$1,510","$1,540","$1,750","$2,190","$2,610"
20560,"$1,510","$1,540","$1,750","$2,190","$2,610"
20565,"$1,510","$1,540","$1,750","$2,190","$2,610"
20566,"$1,510","$1,540","$1,750","$2,190","$2,610"
20579,"$1,510","$1,540","$1,750","$2,190","$2,610"
20588,"$1,370","$1,390","$1,580","$1,980","$2,360"
20593,"$1,510","$1,540","$1,750","$2,190","$2,610"
20598,"$1,730","$1,760","$2,000","$2,500","$2,980"
20601,"$1,650","$1,680","$1,910","$2,390","$2,850"
20602,"$1,500","$1,530","$1,740","$2,180","$2,600"
20603,"$1,660","$1,690","$1,920","$2,400","$2,860"
20604,"$1,570","$1,600","$1,820","$2,280","$2,720"
20607,"$1,560","$1,580","$1,800","$2,250","$2,690"
20608,"$1,590","$1,620","$1,840","$2,330","$2,790"
20610,"$1,400","$1,420","$1,620","$2,030","$2,420"
20611,"$1,340","$1,360","$1,550","$1,950","$2,320"
20612,"$1,030","$1,040","$1,220","$1,590","$1,850"
20613,"$1,990","$2,020","$2,300","$2,880","$3,430"
20615,"$1,520","$1,550","$1,760","$2,200","$2,630"
20616,"$1,690","$1,710","$1,950","$2,440","$2,910"
20617,"$1,550","$1,570","$1,790","$2,240","$2,670"
20622,"$1,270","$1,290","$1,520","$2,000","$2,320"
20623,"$1,800","$1,830","$2,080","$2,610","$3,110"
20625,"$1,430","$1,460","$1,660","$2,080","$2,480"
20629,"$1,700","$1,720","$1,970","$2,460","$2,930"
20632,"$1,420","$1,440","$1,640","$2,060","$2,450"
20637,"$1,460","$1,490","$1,700","$2,140","$2,540"
20639,"$1,520","$1,550","$1,760","$2,200","$2,630"
20640,"$1,440","$1,470","$1,670","$2,090","$2,490"
20643,"$1,570","$1,600","$1,820","$2,280","$2,720"
20645,"$1,430","$1,460","$1,660","$2,100","$2,530"
20646,"$1,410","$1,430","$1,630","$2,040","$2,430"
20657,"$1,330","$1,350","$1,540","$1,930","$2,300"
20658,"$1,440","$1,470","$1,670","$2,090","$2,490"
20659,"$1,190","$1,210","$1,460","$1,980","$2,260"
20661,"$1,570","$1,600","$1,820","$2,280","$2,720"
20662,"$1,120","$1,140","$1,300","$1,630","$1,940"
20664,"$1,430","$1,460","$1,660","$2,080","$2,480"
20675,"$1,540","$1,570","$1,790","$2,240","$2,660"
20676,"$1,750","$1,780","$2,020","$2,530","$3,010"
20677,"$1,120","$1,140","$1,300","$1,630","$1,940"
20678,$920,$930,"$1,060","$1,330","$1,580"
20685,"$1,520","$1,550","$1,760","$2,200","$2,630"
20688,"$1,970","$2,000","$2,280","$2,850","$3,400"
20689,"$1,400","$1,430","$1,620","$2,030","$2,430"
20693,"$1,430","$1,450","$1,650","$2,090","$2,510"
20695,"$1,780","$1,810","$2,060","$2,580","$3,070"
20703,"$1,370","$1,390","$1,580","$1,980","$2,360"
20704,"$1,370","$1,390","$1,580","$1,980","$2,360"
20705,"$1,430","$1,450","$1,650","$2,060","$2,460"
20706,"$1,500","$1,520","$1,730","$2,160","$2,580"
20707,"$1,550","$1,570","$1,790","$2,240","$2,670"
20708,"$1,510","$1,540","$1,750","$2,190","$2,610"
20709,"$1,370","$1,390","$1,580","$1,980","$2,360"
20710,"$1,280","$1,300","$1,480","$1,850","$2,210"
20712,"$1,140","$1,160","$1,320","$1,650","$1,970"
20714,"$1,520","$1,590","$1,850","$2,330","$2,750"
20715,"$2,070","$2,110","$2,400","$3,000","$3,580"
20716,"$1,660","$1,690","$1,920","$2,400","$2,860"
20717,"$1,370","$1,390","$1,580","$1,980","$2,360"
20718,"$1,370","$1,390","$1,580","$1,980","$2,360"
20720,"$2,130","$2,160","$2,460","$3,080","$3,670"
20721,"$2,030","$2,070","$2,350","$2,940","$3,510"
20722,"$1,430","$1,450","$1,650","$2,060","$2,460"
20725,"$1,370","$1,390","$1,580","$1,980","$2,360"
20726,"$1,370","$1,390","$1,580","$1,980","$2,360"
20731,"$1,370","$1,390","$1,580","$1,980","$2,360"
20732,"$1,470","$1,490","$1,700","$2,130","$2,540"
20735,"$1,810","$1,840","$2,090","$2,610","$3,120"
20736,"$1,260","$1,300","$1,490","$1,950","$2,400"
20737,"$1,200","$1,220","$1,390","$1,740","$2,070"
20738,"$1,370","$1,390","$1,580","$1,980","$2,360"
20740,"$1,450","$1,480","$1,690","$2,140","$2,560"
20741,"$1,370","$1,390","$1,580","$1,980","$2,360"
20742,"$1,430","$1,450","$1,650","$2,090","$2,510"
20743,"$1,240","$1,260","$1,430","$1,790","$2,130"
20744,"$1,460","$1,490","$1,690","$2,110","$2,520"
20745,"$1,350","$1,370","$1,560","$1,950","$2,330"
20746,"$1,420","$1,440","$1,640","$2,050","$2,450"
20747,"$1,330","$1,350","$1,540","$1,930","$2,300"
20748,"$1,340","$1,360","$1,550","$1,940","$2,310"
20749,"$1,370","$1,390","$1,580","$1,980","$2,360"
20750,"$1,370","$1,390","$1,580","$1,980","$2,360"
20752,"$1,370","$1,390","$1,580","$1,980","$2,360"
20753,"$1,370","$1,390","$1,580","$1,980","$2,360"
20754,"$1,820","$1,890","$2,180","$2,740","$3,240"
20757,"$1,370","$1,390","$1,580","$1,980","$2,360"
20758,"$1,500","$1,550","$1,780","$2,230","$2,650"
20762,"$2,230","$2,270","$2,580","$3,230","$3,850"
20768,"$1,370","$1,390","$1,580","$1,980","$2,360"
20769,"$2,130","$2,160","$2,460","$3,080","$3,670"
20770,"$1,640","$1,670","$1,900","$2,380","$2,830"
20772,"$1,690","$1,710","$1,950","$2,440","$2,910"
20773,"$1,370","$1,390","$1,580","$1,980","$2,360"
20774,"$1,680","$1,700","$1,940","$2,430","$2,890"
20775,"$1,370","$1,390","$1,580","$1,980","$2,360"
20777,"$1,650","$1,870","$2,280","$2,940","$3,390"
20781,"$1,280","$1,300","$1,480","$1,850","$2,210"
20782,"$1,510","$1,540","$1,750","$2,190","$2,610"
20783,"$1,390","$1,410","$1,610","$2,010","$2,400"
20784,"$1,320","$1,340","$1,530","$1,910","$2,280"
20785,"$1,360","$1,380","$1,570","$1,960","$2,340"
20787,"$1,640","$1,670","$1,900","$2,380","$2,830"
20790,"$1,370","$1,390","$1,580","$1,980","$2,360"
20791,"$1,370","$1,390","$1,580","$1,980","$2,360"
20792,"$1,370","$1,390","$1,580","$1,980","$2,360"
20799,"$1,370","$1,390","$1,580","$1,980","$2,360"
20812,"$2,200","$2,230","$2,540","$3,180","$3,800"
20814,"$1,940","$1,970","$2,240","$2,800","$3,340"
20815,"$2,130","$2,170","$2,470","$3,090","$3,690"
20816,"$2,120","$2,150","$2,450","$3,060","$3,660"
20817,"$2,130","$2,170","$2,470","$3,090","$3,690"
20818,"$2,230","$2,270","$2,580","$3,230","$3,860"
20824,"$1,640","$1,670","$1,900","$2,380","$2,830"
20825,"$1,640","$1,670","$1,900","$2,380","$2,830"
20827,"$1,640","$1,670","$1,900","$2,380","$2,830"
20830,"$1,640","$1,670","$1,900","$2,380","$2,830"
20832,"$1,880","$1,910","$2,170","$2,710","$3,240"
20833,"$1,950","$1,980","$2,260","$2,870","$3,430"
20837,"$1,740","$1,770","$2,010","$2,510","$3,000"
20838,"$1,440","$1,460","$1,660","$2,080","$2,480"
20839,"$1,370","$1,390","$1,580","$1,980","$2,360"
20841,"$2,380","$2,420","$2,750","$3,440","$4,100"
20842,"$1,160","$1,180","$1,340","$1,680","$2,000"
20847,"$1,640","$1,670","$1,900","$2,380","$2,830"
20848,"$1,640","$1,670","$1,900","$2,380","$2,830"
20849,"$1,640","$1,670","$1,900","$2,380","$2,830"
20850,"$2,030","$2,070","$2,350","$2,940","$3,510"
20851,"$1,630","$1,660","$1,890","$2,360","$2,820"
20852,"$1,980","$2,010","$2,290","$2,860","$3,420"
20853,"$1,550","$1,570","$1,790","$2,240","$2,670"
20854,"$2,390","$2,430","$2,760","$3,450","$4,120"
20855,"$1,850","$1,880","$2,140","$2,680","$3,190"
20857,"$1,640","$1,670","$1,900","$2,380","$2,830"
20859,"$1,640","$1,670","$1,900","$2,380","$2,830"
20860,"$1,810","$1,840","$2,090","$2,620","$3,120"
20861,"$1,740","$1,770","$2,010","$2,510","$3,000"
20862,"$1,870","$1,940","$2,240","$2,820","$3,330"
20866,"$1,700","$1,730","$1,970","$2,460","$2,940"
20868,"$1,680","$1,710","$1,940","$2,420","$2,890"
20871,"$2,020","$2,060","$2,340","$2,930","$3,490"
20872,"$1,370","$1,400","$1,590","$1,990","$2,370"
20874,"$1,630","$1,660","$1,890","$2,360","$2,820"
20875,"$1,640","$1,670","$1,900","$2,380","$2,830"
20876,"$1,680","$1,700","$1,940","$2,430","$2,890"
20877,"$1,560","$1,590","$1,810","$2,260","$2,700"
20878,"$1,720","$1,750","$1,990","$2,490","$2,970"
20879,"$1,610","$1,630","$1,860","$2,330","$2,770"
20880,"$1,630","$1,660","$1,890","$2,360","$2,820"
20882,"$1,820","$1,850","$2,110","$2,640","$3,150"
20883,"$1,640","$1,670","$1,900","$2,380","$2,830"
20884,"$1,640","$1,670","$1,900","$2,380","$2,830"
20885,"$1,640","$1,670","$1,900","$2,380","$2,830"
20886,"$1,490","$1,510","$1,720","$2,150","$2,570"
20889,"$1,640","$1,670","$1,900","$2,380","$2,830"
20891,"$1,640","$1,670","$1,900","$2,380","$2,830"
20895,"$1,640","$1,670","$1,900","$2,380","$2,830"
20896,"$1,870","$1,900","$2,160","$2,700","$3,230"
20898,"$1,640","$1,670","$1,900","$2,380","$2,830"
20899,$810,$830,$950,"$1,250","$1,540"
20901,"$1,480","$1,500","$1,710","$2,140","$2,550"
20902,"$1,680","$1,700","$1,940","$2,430","$2,890"
20903,"$1,550","$1,570","$1,790","$2,240","$2,670"
20904,"$1,660","$1,690","$1,920","$2,400","$2,860"
20905,"$1,670","$1,700","$1,930","$2,410","$2,880"
20906,"$1,620","$1,640","$1,870","$2,340","$2,790"
20907,"$1,640","$1,670","$1,900","$2,380","$2,830"
20910,"$1,870","$1,900","$2,160","$2,700","$3,220"
20911,"$1,640","$1,670","$1,900","$2,380","$2,830"
20912,"$1,310","$1,340","$1,520","$1,900","$2,270"
20913,"$1,640","$1,670","$1,900","$2,380","$2,830"
20914,"$1,640","$1,670","$1,900","$2,380","$2,830"
20915,"$1,640","$1,670","$1,900","$2,380","$2,830"
20916,"$1,640","$1,670","$1,900","$2,380","$2,830"
20918,"$1,640","$1,670","$1,900","$2,380","$2,830"
20993,"$1,640","$1,670","$1,900","$2,380","$2,830"
21701,"$1,300","$1,320","$1,500","$1,880","$2,240"
21702,"$1,290","$1,310","$1,490","$1,860","$2,220"
21703,"$1,440","$1,470","$1,670","$2,090","$2,490"
21704,"$2,070","$2,100","$2,390","$2,990","$3,570"
21705,"$1,320","$1,340","$1,530","$1,910","$2,280"
21710,"$1,470","$1,500","$1,700","$2,130","$2,540"
21713,"$1,020","$1,180","$1,530","$2,170","$2,420"
21714,"$1,410","$1,430","$1,630","$2,040","$2,430"
21716,$860,$880,"$1,000","$1,250","$1,540"
21717,"$1,820","$1,850","$2,100","$2,630","$3,140"
21718,"$1,040","$1,050","$1,200","$1,500","$1,790"
21719,$960,"$1,020","$1,240","$1,650","$1,880"
21727,$830,$840,$960,"$1,250","$1,540"
21754,"$1,610","$1,630","$1,860","$2,330","$2,770"
21755,"$1,020","$1,040","$1,180","$1,480","$1,760"
21757,$980,"$1,060","$1,260","$1,600","$1,870"
21758,"$1,220","$1,290","$1,520","$1,990","$2,320"
21762,"$1,040","$1,100","$1,290","$1,640","$1,920"
21769,"$1,290","$1,310","$1,490","$1,860","$2,220"
21770,"$1,540","$1,580","$1,820","$2,290","$2,710"
21771,"$1,330","$1,450","$1,720","$2,200","$2,570"
21773,"$1,240","$1,260","$1,430","$1,790","$2,130"
21774,"$1,880","$1,910","$2,170","$2,710","$3,240"
21776,$970,"$1,100","$1,340","$1,740","$2,000"
21777,"$1,430","$1,460","$1,660","$2,070","$2,470"
21778,"$1,000","$1,030","$1,170","$1,510","$1,820"
21780,"$1,290","$1,320","$1,500","$1,880","$2,240"
21783,$790,$900,"$1,150","$1,610","$1,800"
21787,$860,"$1,000","$1,230","$1,590","$1,830"
21788,$990,"$1,010","$1,150","$1,440","$1,720"
21790,"$1,320","$1,340","$1,530","$1,910","$2,280"
21791,$920,"$1,000","$1,190","$1,520","$1,770"
21793,"$1,370","$1,400","$1,590","$1,990","$2,370"
21797,"$1,120","$1,300","$1,600","$2,080","$2,380"
21798,$850,$870,$990,"$1,300","$1,590"
22003,"$1,620","$1,650","$1,880","$2,350","$2,800"
22009,"$1,750","$1,780","$2,020","$2,530","$3,010"
22015,"$2,050","$2,080","$2,370","$2,960","$3,540"
22025,"$1,990","$2,020","$2,300","$2,880","$3,430"
22026,"$1,460","$1,490","$1,690","$2,110","$2,520"
22027,"$1,960","$1,990","$2,260","$2,840","$3,380"
22030,"$1,930","$1,960","$2,230","$2,790","$3,330"
22031,"$1,930","$1,960","$2,230","$2,790","$3,330"
22032,"$2,130","$2,170","$2,470","$3,090","$3,690"
22033,"$1,910","$1,940","$2,210","$2,760","$3,300"
22035,"$1,930","$1,960","$2,230","$2,790","$3,330"
22038,"$1,700","$1,730","$1,970","$2,460","$2,940"
22039,"$1,930","$1,970","$2,240","$2,800","$3,340"
22040,"$1,770","$1,800","$2,050","$2,560","$3,060"
22041,"$1,660","$1,690","$1,920","$2,400","$2,860"
22042,"$1,730","$1,760","$2,000","$2,500","$2,980"
22043,"$1,820","$1,850","$2,110","$2,640","$3,150"
22044,"$1,430","$1,450","$1,650","$2,060","$2,460"
22046,"$1,820","$1,850","$2,110","$2,640","$3,150"
22060,"$2,390","$2,430","$2,760","$3,450","$4,120"
22066,"$2,390","$2,430","$2,760","$3,450","$4,120"
22067,"$1,750","$1,780","$2,020","$2,530","$3,010"
22079,"$1,830","$1,860","$2,120","$2,650","$3,160"
22081,"$1,750","$1,780","$2,020","$2,530","$3,010"
22101,"$2,390","$2,430","$2,760","$3,450","$4,120"
22102,"$2,050","$2,080","$2,370","$2,960","$3,540"
22103,"$1,750","$1,780","$2,020","$2,530","$3,010"
22106,"$1,750","$1,780","$2,020","$2,530","$3,010"
22116,"$1,750","$1,780","$2,020","$2,530","$3,010"
22121,"$1,750","$1,780","$2,020","$2,530","$3,010"
22122,"$1,750","$1,780","$2,020","$2,530","$3,010"
22124,"$1,900","$1,930","$2,200","$2,750","$3,280"
22125,"$1,620","$1,650","$1,880","$2,350","$2,800"
22134,"$1,640","$1,670","$1,900","$2,380","$2,830"
22150,"$1,660","$1,690","$1,920","$2,400","$2,860"
22151,"$2,040","$2,070","$2,360","$2,950","$3,520"
22152,"$2,050","$2,080","$2,370","$2,960","$3,540"
22153,"$2,080","$2,120","$2,410","$3,010","$3,600"
22160,"$1,750","$1,780","$2,020","$2,530","$3,010"
22172,"$1,070","$1,090","$1,240","$1,550","$1,850"
22180,"$1,810","$1,850","$2,100","$2,630","$3,130"
22181,"$1,800","$1,830","$2,080","$2,600","$3,100"
22182,"$2,200","$2,230","$2,540","$3,180","$3,790"
22183,"$1,750","$1,780","$2,020","$2,530","$3,010"
22185,"$1,750","$1,780","$2,020","$2,530","$3,010"
22191,"$1,590","$1,620","$1,840","$2,300","$2,750"
22192,"$1,580","$1,610","$1,830","$2,290","$2,730"
22193,"$1,510","$1,540","$1,750","$2,190","$2,610"
22194,"$1,580","$1,610","$1,830","$2,290","$2,730"
22195,"$1,580","$1,610","$1,830","$2,290","$2,730"
22199,"$1,750","$1,780","$2,020","$2,530","$3,010"
22201,"$2,390","$2,430","$2,760","$3,450","$4,120"
22202,"$2,390","$2,430","$2,760","$3,450","$4,120"
22203,"$2,200","$2,230","$2,540","$3,180","$3,790"
22204,"$1,620","$1,640","$1,870","$2,340","$2,790"
22205,"$1,640","$1,670","$1,900","$2,380","$2,830"
22206,"$2,070","$2,100","$2,390","$2,990","$3,570"
22207,"$1,880","$1,920","$2,180","$2,730","$3,250"
22209,"$2,080","$2,120","$2,410","$3,010","$3,600"
22210,"$1,830","$1,860","$2,120","$2,650","$3,160"
22211,"$2,390","$2,430","$2,760","$3,450","$4,120"
22213,"$2,390","$2,430","$2,760","$3,450","$4,120"
22214,"$1,830","$1,860","$2,120","$2,650","$3,160"
22215,"$1,830","$1,860","$2,120","$2,650","$3,160"
22216,"$1,830","$1,860","$2,120","$2,650","$3,160"
22219,"$1,830","$1,860","$2,120","$2,650","$3,160"
22301,"$1,830","$1,860","$2,120","$2,650","$3,160"
22302,"$1,800","$1,830","$2,080","$2,600","$3,100"
22303,"$1,880","$1,920","$2,180","$2,730","$3,250"
22304,"$1,740","$1,770","$2,010","$2,510","$3,000"
22305,"$1,690","$1,720","$1,960","$2,450","$2,920"
22306,"$1,430","$1,450","$1,650","$2,060","$2,460"
22307,"$1,560","$1,590","$1,810","$2,260","$2,700"
22308,"$2,390","$2,430","$2,760","$3,450","$4,120"
22309,"$1,470","$1,490","$1,700","$2,130","$2,540"
22310,"$1,790","$1,820","$2,070","$2,590","$3,090"
22311,"$1,760","$1,790","$2,040","$2,550","$3,040"
22312,"$1,680","$1,700","$1,940","$2,430","$2,890"
22313,"$1,620","$1,650","$1,880","$2,350","$2,800"
22314,"$2,330","$2,370","$2,700","$3,380","$4,030"
22315,"$2,000","$2,030","$2,310","$2,890","$3,450"
22320,"$1,620","$1,650","$1,880","$2,350","$2,800"
22332,"$1,620","$1,650","$1,880","$2,350","$2,800"
22350,"$1,620","$1,650","$1,880","$2,350","$2,800"
22401,"$1,160","$1,180","$1,340","$1,680","$2,000"
22402,"$1,170","$1,190","$1,350","$1,690","$2,010"
22403,"$1,440","$1,470","$1,670","$2,090","$2,490"
22404,"$1,210","$1,230","$1,400","$1,760","$2,090"
22405,"$1,240","$1,270","$1,440","$1,800","$2,150"
22406,"$1,290","$1,310","$1,490","$1,860","$2,220"
22407,"$1,320","$1,340","$1,530","$1,910","$2,280"
22408,"$1,370","$1,400","$1,590","$1,990","$2,370"
22412,"$1,440","$1,470","$1,670","$2,090","$2,490"
22430,"$1,440","$1,470","$1,670","$2,090","$2,490"
22463,"$1,440","$1,470","$1,670","$2,090","$2,490"
22471,"$1,440","$1,470","$1,670","$2,090","$2,490"
22508,"$1,320","$1,340","$1,530","$1,910","$2,280"
22534,"$1,400","$1,420","$1,620","$2,030","$2,420"
22545,"$1,440","$1,470","$1,670","$2,090","$2,490"
22546,"$1,360","$1,390","$1,570","$2,030","$2,470"
22551,"$1,090","$1,110","$1,260","$1,580","$1,880"
22553,"$1,430","$1,460","$1,660","$2,080","$2,480"
22554,"$1,560","$1,580","$1,800","$2,250","$2,690"
22555,"$1,440","$1,470","$1,670","$2,090","$2,490"
22556,"$1,530","$1,560","$1,770","$2,210","$2,640"
22565,"$1,360","$1,380","$1,570","$1,960","$2,340"
22567,"$1,360","$1,380","$1,570","$1,960","$2,340"
22580,$940,$960,"$1,090","$1,360","$1,630"
22611,"$1,070","$1,090","$1,240","$1,550","$1,850"
22620,"$1,170","$1,190","$1,350","$1,700","$2,050"
22630,$790,$810,"$1,050","$1,390","$1,790"
22639,"$1,600","$1,630","$1,850","$2,310","$2,760"
22642,"$1,170","$1,180","$1,520","$1,990","$2,530"
22643,"$1,210","$1,220","$1,550","$2,020","$2,550"
22646,"$1,170","$1,190","$1,350","$1,700","$2,050"
22663,$970,"$1,020","$1,250","$1,600","$2,020"
22712,"$1,080","$1,100","$1,250","$1,560","$1,860"
22720,"$1,210","$1,230","$1,400","$1,760","$2,090"
22728,"$1,070","$1,090","$1,240","$1,550","$1,850"
22734,"$1,040","$1,050","$1,210","$1,510","$1,800"
22742,"$1,400","$1,420","$1,620","$2,030","$2,420"
22960,$850,$860,"$1,080","$1,350","$1,610"
23015,"$1,020","$1,050","$1,180","$1,520","$1,840"
23024,$900,$920,"$1,040","$1,310","$1,560"
23117,$950,$970,"$1,100","$1,380","$1,650"
88888,"$1,510","$1,540","$1,750","$2,190","$2,610"
